,,Unemployment Rate (percent),,,,,,,,,,
FIPS ,Name,2014,2015,2016,2017,2018,2019,2020,2021,2022,Median Household Income (2021),% of State Median HH Income
12000,Florida,6.4,5.5,4.9,4.3,3.6,3.3,8.1,4.7,3.0,"$63,054",100.0%
12001,"Alachua County, FL",5.4,4.7,4.3,3.9,3.3,3.0,5.7,3.8,2.9,"$56,006",88.8%
12003,"Baker County, FL",6.6,5.6,4.9,4.2,3.5,3.2,5.3,3.8,2.9,"$60,994",96.7%
12005,"Bay County, FL",6.5,5.5,4.8,4.2,4.1,3.8,6.3,4.0,2.8,"$60,106",95.3%
12007,"Bradford County, FL",5.8,4.9,4.3,3.7,3.4,3.3,6.3,4.3,3.3,"$54,911",87.1%
12009,"Brevard County, FL",7.2,6.0,5.2,4.4,3.6,3.3,7.0,4.1,2.9,"$65,280",103.5%
12011,"Broward County, FL",6.1,5.2,4.5,4.0,3.5,3.1,9.4,4.9,3.0,"$65,536",103.9%
12013,"Calhoun County, FL",7.1,6.2,5.8,4.9,4.4,4.1,5.4,4.7,3.4,"$43,210",68.5%
12015,"Charlotte County, FL",7.1,6.1,5.4,4.8,4.1,3.8,7.7,4.5,3.6,"$59,547",94.4%
12017,"Citrus County, FL",8.8,7.6,6.8,6.0,5.4,5.0,8.9,5.8,4.3,"$48,237",76.5%
12019,"Clay County, FL",5.9,5.1,4.5,4.0,3.4,3.1,5.7,3.6,2.7,"$76,711",121.7%
12021,"Collier County, FL",6.1,5.3,4.7,4.2,3.5,3.2,7.3,3.8,2.9,"$75,799",120.2%
12023,"Columbia County, FL",6.8,5.6,4.9,4.4,3.9,3.3,6.3,4.6,3.3,"$52,035",82.5%
12027,"DeSoto County, FL",7.4,5.9,5.3,4.5,4.0,3.6,5.4,4.3,3.6,"$43,256",68.6%
12029,"Dixie County, FL",7.6,6.3,5.5,4.8,4.3,3.9,5.8,4.5,3.4,"$39,029",61.9%
12031,"Duval County, FL",6.9,5.9,5.0,4.3,3.7,3.4,7.2,4.5,3.1,"$60,121",95.3%
12033,"Escambia County, FL",6.6,5.6,5.0,4.3,3.7,3.3,7.1,4.6,3.1,"$54,492",86.4%
12035,"Flagler County, FL",7.5,6.3,5.6,4.9,4.2,3.9,7.9,4.8,3.5,"$65,783",104.3%
12037,"Franklin County, FL",5.8,4.8,4.4,3.7,3.6,3.7,5.7,3.9,2.9,"$44,684",70.9%
12039,"Gadsden County, FL",8.5,7.3,6.3,5.6,4.7,4.2,7.3,5.7,4.1,"$45,678",72.4%
12041,"Gilchrist County, FL",6.9,5.7,5.0,4.5,3.8,3.5,5.2,3.9,3.2,"$52,168",82.7%
12043,"Glades County, FL",7.9,7.2,6.3,5.4,4.0,4.0,6.1,4.4,3.3,"$46,389",73.6%
12045,"Gulf County, FL",6.2,5.3,4.7,4.0,4.6,4.9,6.1,3.7,2.8,"$51,684",82.0%
12047,"Hamilton County, FL",7.8,6.5,5.7,4.9,4.3,4.2,8.2,6.1,4.2,"$39,522",62.7%
12049,"Hardee County, FL",7.9,7.1,6.7,6.0,5.3,5.2,6.9,5.0,4.0,"$45,964",72.9%
12051,"Hendry County, FL",11.6,10.7,8.6,7.4,6.3,6.1,8.8,6.4,4.9,"$48,841",77.5%
12053,"Hernando County, FL",8.2,7.0,6.1,5.3,4.7,4.3,8.4,5.2,3.7,"$56,443",89.5%
12055,"Highlands County, FL",8.7,7.6,6.6,5.7,5.0,4.7,8.2,6.0,4.3,"$47,820",75.8%
12057,"Hillsborough County, FL",6.0,5.1,4.5,4.0,3.5,3.2,7.6,4.3,2.9,"$65,818",104.4%
12059,"Holmes County, FL",7.2,6.2,5.4,4.8,4.0,3.6,5.8,4.2,3.2,"$44,139",70.0%
12061,"Indian River County, FL",8.1,6.9,6.1,5.1,4.4,3.9,7.8,4.8,3.5,"$61,351",97.3%
12063,"Jackson County, FL",6.9,5.9,5.3,4.6,4.1,3.6,5.8,4.7,3.3,"$42,721",67.8%
12065,"Jefferson County, FL",6.8,6.0,5.3,4.4,3.9,3.4,5.9,4.4,3.3,"$56,130",89.0%
12067,"Lafayette County, FL",5.3,4.6,4.4,3.8,3.5,3.0,4.6,4.1,3.2,"$45,732",72.5%
12069,"Lake County, FL",6.6,5.6,4.9,4.3,3.6,3.3,9.2,4.8,3.1,"$64,662",102.6%
12071,"Lee County, FL",6.2,5.2,4.7,4.2,3.5,3.2,7.7,4.3,3.3,"$66,426",105.3%
12073,"Leon County, FL",5.7,5.1,4.6,4.0,3.5,3.2,6.2,4.3,3.1,"$57,246",90.8%
12075,"Levy County, FL",7.0,5.8,5.2,4.5,4.0,3.8,6.4,4.6,3.6,"$45,494",72.2%
12077,"Liberty County, FL",6.8,5.9,5.2,4.6,4.0,3.6,5.1,4.4,3.3,"$48,271",76.6%
12079,"Madison County, FL",7.3,6.2,5.3,4.5,4.0,3.9,6.5,5.1,3.3,"$43,444",68.9%
12081,"Manatee County, FL",5.9,5.1,4.6,4.1,3.5,3.2,7.2,4.1,3.0,"$67,929",107.7%
12083,"Marion County, FL",7.5,6.6,5.9,5.1,4.4,3.9,7.4,5.0,3.6,"$54,555",86.5%
12085,"Martin County, FL",6.2,5.4,4.9,4.3,3.6,3.2,6.4,3.7,2.8,"$67,059",106.4%
12086,"Miami-Dade County, FL",6.8,6.1,5.5,4.8,3.7,2.9,8.2,5.5,2.6,"$58,905",93.4%
12087,"Monroe County, FL",4.2,3.5,3.2,3.3,2.6,2.1,8.2,3.0,1.9,"$68,975",109.4%
12089,"Nassau County, FL",6.1,5.2,4.5,4.0,3.3,3.0,5.9,3.5,2.6,"$78,069",123.8%
12091,"Okaloosa County, FL",5.3,4.6,4.1,3.5,3.1,2.8,5.8,3.4,2.5,"$69,053",109.5%
12093,"Okeechobee County, FL",7.6,6.4,5.2,4.5,3.8,3.6,5.7,4.3,3.2,"$47,642",75.6%
12095,"Orange County, FL",6.0,5.1,4.4,3.8,3.3,3.0,11.2,5.2,3.0,"$64,579",102.4%
12097,"Osceola County, FL",6.9,5.8,5.0,4.4,3.8,3.4,14.1,6.2,3.5,"$60,495",95.9%
12099,"Palm Beach County, FL",6.0,5.2,4.7,4.2,3.7,3.3,8.0,4.4,3.0,"$70,024",111.1%
12101,"Pasco County, FL",6.9,5.9,5.2,4.5,4.0,3.6,7.5,4.5,3.2,"$59,555",94.5%
12103,"Pinellas County, FL",5.9,5.0,4.4,3.9,3.4,3.1,7.5,4.1,2.7,"$61,851",98.1%
12105,"Polk County, FL",7.4,6.4,5.6,4.9,4.2,3.8,9.6,5.5,3.6,"$56,344",89.4%
12107,"Putnam County, FL",9.0,7.7,6.4,5.5,5.0,4.4,8.4,6.1,4.2,"$38,759",61.5%
12109,"St. Johns County, FL",4.8,4.0,3.8,3.5,3.0,2.7,5.4,3.1,2.4,"$94,662",150.1%
12111,"St. Lucie County, FL",8.2,6.4,5.8,5.2,4.5,4.0,8.1,5.0,3.5,"$62,378",98.9%
12113,"Santa Rosa County, FL",5.6,4.9,4.6,4.0,3.4,3.0,5.5,3.6,2.8,"$80,837",128.2%
12115,"Sarasota County, FL",6.0,5.1,4.6,4.0,3.5,3.2,7.2,4.0,3.0,"$71,630",113.6%
12117,"Seminole County, FL",5.9,5.0,4.3,3.8,3.3,3.0,7.6,4.1,2.7,"$70,470",111.8%
12119,"Sumter County, FL",8.6,7.8,7.2,6.2,5.3,4.8,8.3,5.4,4.2,"$69,707",110.6%
12121,"Suwannee County, FL",6.5,5.5,4.9,4.3,3.8,3.5,6.0,4.6,3.4,"$46,284",73.4%
12123,"Taylor County, FL",7.1,6.8,5.4,4.6,3.9,3.7,6.7,5.2,3.5,"$47,083",74.7%
12125,"Union County, FL",6.2,4.9,4.4,3.8,3.3,3.1,5.0,3.9,3.0,"$48,667",77.2%
12127,"Volusia County, FL",7.0,5.9,5.1,4.5,3.9,3.5,8.0,4.7,3.3,"$58,246",92.4%
12129,"Wakulla County, FL",5.3,4.7,4.2,3.7,3.2,3.0,4.7,3.3,2.6,"$71,962",114.1%
12131,"Walton County, FL",5.5,4.7,4.3,3.7,3.2,2.9,6.1,3.6,2.7,"$64,779",102.7%
12133,"Washington County, FL",6.9,6.0,5.2,4.4,4.0,3.5,6.1,4.6,3.3,"$47,930",76.0%
53000,Washington,5.9,5.4,5.2,4.6,4.4,4.2,8.5,5.2,4.1,"$84,155",100.0%
53001,"Adams County, WA",6.9,6.7,6.3,5.6,5.4,5.7,7.2,5.4,4.9,"$57,405",68.2%
53003,"Asotin County, WA",5.2,4.6,4.9,4.1,4.3,4.1,5.1,3.8,3.7,"$56,438",67.1%
53005,"Benton County, WA",7.3,6.5,6.2,5.4,5.2,5.3,8.2,5.6,4.8,"$77,339",91.9%
53007,"Chelan County, WA",6.0,5.4,5.6,4.8,4.6,4.9,8.3,5.4,4.6,"$64,700",76.9%
53009,"Clallam County, WA",8.2,7.9,7.5,6.7,6.4,6.6,10.2,6.6,5.7,"$62,623",74.4%
53011,"Clark County, WA",6.8,6.2,6.0,5.0,4.8,4.7,8.4,5.5,4.5,"$83,790",99.6%
53013,"Columbia County, WA",7.0,6.3,6.4,5.5,5.5,5.4,7.3,5.5,5.2,"$59,650",70.9%
53015,"Cowlitz County, WA",7.8,7.5,7.1,6.0,5.9,6.0,9.3,6.4,5.4,"$70,104",83.3%
53017,"Douglas County, WA",6.9,6.2,6.8,5.6,5.3,5.6,8.4,5.6,5.1,"$64,932",77.2%
53019,"Ferry County, WA",11.1,9.9,10.1,10.9,11.6,11.3,11.5,8.9,9.0,"$50,565",60.1%
53021,"Franklin County, WA",8.1,7.4,7.3,6.2,6.1,6.4,8.9,6.6,5.9,"$79,532",94.5%
53023,"Garfield County, WA",6.5,6.0,5.8,5.3,5.7,5.5,8.4,6.0,6.7,"$61,268",72.8%
53025,"Grant County, WA",7.2,7.1,7.0,6.2,6.2,6.8,8.8,6.7,5.7,"$61,815",73.5%
53027,"Grays Harbor County, WA",9.9,8.8,8.2,7.0,6.7,7.1,11.7,7.7,6.4,"$55,018",65.4%
53029,"Island County, WA",6.4,5.9,5.8,5.1,5.2,5.1,8.2,5.7,4.7,"$76,729",91.2%
53031,"Jefferson County, WA",7.8,6.9,7.0,6.0,5.8,5.7,9.4,6.2,5.3,"$61,548",73.1%
53033,"King County, WA",4.5,4.1,3.8,3.6,3.3,2.7,7.8,4.2,3.0,"$110,351",131.1%
53035,"Kitsap County, WA",5.9,5.4,5.5,4.8,4.6,4.6,7.7,5.1,4.3,"$86,826",103.2%
53037,"Kittitas County, WA",6.7,6.0,5.9,5.2,5.5,5.4,8.9,6.4,5.5,"$62,721",74.5%
53039,"Klickitat County, WA",7.5,7.0,6.7,5.9,5.7,5.9,8.2,6.2,5.5,"$61,542",73.1%
53041,"Lewis County, WA",8.8,8.2,7.7,6.5,6.3,6.2,9.4,6.4,5.7,"$63,828",75.8%
53043,"Lincoln County, WA",5.6,5.7,5.5,4.9,4.9,5.0,6.7,5.0,5.1,"$64,692",76.9%
53045,"Mason County, WA",8.1,7.6,7.4,6.5,6.3,6.3,9.9,6.9,6.0,"$73,696",87.6%
53047,"Okanogan County, WA",6.9,6.7,6.5,6.7,6.4,6.7,8.9,6.7,6.1,"$55,233",65.6%
53049,"Pacific County, WA",9.6,8.7,7.9,6.9,6.9,7.0,10.9,7.9,6.6,"$58,715",69.8%
53051,"Pend Oreille County, WA",9.7,9.4,8.8,7.3,7.1,7.9,10.4,7.6,6.6,"$55,060",65.4%
53053,"Pierce County, WA",6.8,6.2,5.9,5.3,5.2,5.2,9.6,6.1,4.9,"$85,492",101.6%
53055,"San Juan County, WA",4.9,4.7,4.6,3.9,3.9,3.8,8.1,5.0,3.8,"$71,678",85.2%
53057,"Skagit County, WA",7.0,6.6,6.4,5.4,5.2,5.4,9.8,6.3,5.0,"$72,831",86.5%
53059,"Skamania County, WA",8.0,7.2,6.8,6.0,5.6,5.4,9.2,6.4,5.0,"$75,158",89.3%
53061,"Snohomish County, WA",5.0,4.5,4.2,3.9,3.6,2.9,8.8,4.9,3.4,"$99,650",118.4%
53063,"Spokane County, WA",6.8,6.3,6.0,5.3,5.2,5.3,8.7,5.4,4.6,"$65,571",77.9%
53065,"Stevens County, WA",9.1,8.7,8.1,7.2,7.1,7.0,9.3,6.7,6.4,"$60,180",71.5%
53067,"Thurston County, WA",6.3,5.8,5.6,4.9,4.8,4.9,8.2,5.2,4.4,"$81,544",96.9%
53069,"Wahkiakum County, WA",9.4,8.7,8.5,7.1,6.6,6.6,8.7,6.8,6.5,"$64,777",77.0%
53071,"Walla Walla County, WA",6.0,5.7,5.3,4.9,4.7,4.9,6.8,4.8,4.4,"$63,631",75.6%
53073,"Whatcom County, WA",6.4,5.8,5.7,4.9,4.8,5.0,9.3,6.0,4.7,"$71,739",85.2%
53075,"Whitman County, WA",5.1,4.7,4.9,4.3,4.4,4.4,5.7,4.3,4.4,"$53,140",63.1%
53077,"Yakima County, WA",8.4,7.8,7.4,6.7,6.3,7.0,9.6,7.0,6.1,"$60,058",71.4%
41000,Oregon,6.7,5.5,4.7,4.1,4.0,3.7,7.6,5.2,3.9,"$71,441",100.0%
41001,"Baker County, OR",8.2,6.6,6.2,5.4,5.2,4.6,7.2,5.1,4.5,"$53,107",74.3%
41003,"Benton County, OR",5.0,4.1,3.9,3.2,3.1,3.0,5.6,3.9,3.3,"$65,419",91.6%
41005,"Clackamas County, OR",6.0,5.0,4.3,3.7,3.6,3.4,7.2,4.8,3.6,"$91,076",127.5%
41007,"Clatsop County, OR",6.5,5.3,4.6,4.0,4.0,3.7,9.5,5.9,4.0,"$59,539",83.3%
41009,"Columbia County, OR",8.3,7.0,6.0,5.1,4.9,4.4,7.9,5.7,4.5,"$78,267",109.6%
41011,"Coos County, OR",8.8,7.3,6.3,5.4,5.2,4.8,8.6,6.2,5.0,"$54,067",75.7%
41013,"Crook County, OR",9.6,8.2,6.8,6.2,5.8,5.1,8.8,6.6,5.1,"$65,755",92.0%
41015,"Curry County, OR",9.9,8.0,6.6,6.0,5.9,5.1,8.7,6.6,5.1,"$52,586",73.6%
41017,"Deschutes County, OR",7.6,5.7,4.8,4.2,4.1,3.9,7.9,5.3,3.9,"$79,648",111.5%
41019,"Douglas County, OR",9.0,7.3,6.2,5.3,5.2,4.8,7.8,5.8,4.9,"$52,042",72.8%
41021,"Gilliam County, OR",7.8,6.3,5.9,4.2,3.8,3.6,6.2,4.8,3.7,"$69,135",96.8%
41023,"Grant County, OR",10.3,8.5,7.5,6.8,6.9,6.8,8.4,6.6,5.8,"$53,079",74.3%
41025,"Harney County, OR",9.4,7.0,6.1,6.2,5.8,5.3,6.0,5.1,4.6,"$50,113",70.1%
41027,"Hood River County, OR",5.3,4.6,4.1,3.5,3.2,3.1,6.3,4.5,3.4,"$70,850",99.2%
41029,"Jackson County, OR",8.3,6.6,5.6,4.7,4.6,4.3,7.8,5.4,4.4,"$63,308",88.6%
41031,"Jefferson County, OR",8.7,7.1,6.5,5.5,5.3,5.0,8.3,6.4,5.2,"$59,317",83.0%
41033,"Josephine County, OR",9.2,7.5,6.4,5.3,5.4,4.9,7.9,6.2,5.3,"$49,833",69.8%
41035,"Klamath County, OR",9.2,7.6,6.6,5.8,6.2,6.1,8.7,6.7,5.7,"$49,660",69.5%
41037,"Lake County, OR",9.4,7.5,6.2,5.6,5.4,5.4,5.7,5.5,5.1,"$52,012",72.8%
41039,"Lane County, OR",6.8,5.7,5.0,4.4,4.3,4.0,7.9,5.5,4.3,"$61,509",86.1%
41041,"Lincoln County, OR",7.7,6.5,5.5,4.7,4.7,4.3,10.8,6.7,4.9,"$52,751",73.8%
41043,"Linn County, OR",8.0,6.6,5.6,4.7,4.6,4.3,7.7,5.6,4.4,"$64,834",90.8%
41045,"Malheur County, OR",7.8,6.2,5.4,4.6,4.4,4.1,5.3,4.4,4.1,"$51,466",72.0%
41047,"Marion County, OR",7.2,5.9,5.0,4.3,4.2,3.9,7.0,5.1,4.0,"$64,412",90.2%
41049,"Morrow County, OR",6.8,5.6,4.8,4.4,4.2,4.1,5.2,4.6,3.9,"$67,334",94.3%
41051,"Multnomah County, OR",5.8,4.8,4.2,3.6,3.6,3.2,8.6,5.4,3.7,"$77,851",109.0%
41053,"Polk County, OR",6.7,5.5,5.0,4.3,4.2,4.0,6.5,4.8,4.0,"$71,606",100.2%
41055,"Sherman County, OR",7.3,6.0,4.5,4.7,3.9,3.5,6.2,4.3,3.1,"$69,892",97.8%
41057,"Tillamook County, OR",6.8,5.5,4.8,4.2,4.2,3.8,8.0,5.4,4.2,"$56,158",78.6%
41059,"Umatilla County, OR",7.6,6.2,5.2,4.7,4.8,4.8,6.8,5.2,4.3,"$58,764",82.3%
41061,"Union County, OR",7.1,6.0,5.8,5.2,5.2,4.8,7.9,5.6,4.5,"$53,294",74.6%
41063,"Wallowa County, OR",9.8,7.6,6.6,5.5,5.8,5.7,7.2,5.4,5.1,"$58,311",81.6%
41065,"Wasco County, OR",6.4,5.5,4.7,4.1,4.1,4.1,7.1,5.2,4.1,"$59,638",83.5%
41067,"Washington County, OR",5.5,4.6,4.0,3.4,3.4,3.1,6.5,4.4,3.3,"$91,899",128.6%
41069,"Wheeler County, OR",6.1,5.1,4.1,3.8,3.4,4.2,4.5,3.3,3.2,"$43,468",60.8%
41071,"Yamhill County, OR",6.3,5.2,4.5,3.7,3.6,3.4,6.8,4.7,3.6,"$75,303",105.4%
13000,Georgia,7.1,6.1,5.4,4.8,4.0,3.6,6.5,3.9,3.1,"$66,507",100.0%
13001,"Appling County, GA",8.9,7.4,6.5,5.5,4.3,4.1,4.7,3.6,3.6,"$46,530",70.0%
13003,"Atkinson County, GA",7.6,5.8,5.3,4.5,3.5,3.3,3.9,3.0,2.8,"$40,303",60.6%
13005,"Bacon County, GA",7.0,5.8,5.3,4.5,3.8,3.7,4.6,3.3,3.1,"$43,154",64.9%
13007,"Baker County, GA",9.1,7.4,7.8,6.2,5.3,4.8,5.9,4.9,4.1,"$44,106",66.3%
13009,"Baldwin County, GA",8.8,7.8,6.9,5.9,5.0,4.4,6.9,4.9,4.1,"$44,685",67.2%
13011,"Banks County, GA",6.7,5.7,4.9,3.9,3.2,2.8,4.3,2.6,2.2,"$60,485",90.9%
13013,"Barrow County, GA",6.3,5.4,4.8,4.1,3.3,2.9,5.0,3.0,2.6,"$67,646",101.7%
13015,"Bartow County, GA",7.2,6.0,5.2,4.7,3.8,3.4,6.2,3.5,3.0,"$67,604",101.6%
13017,"Ben Hill County, GA",10.0,9.2,8.3,7.8,5.9,5.6,6.8,5.3,4.5,"$39,863",59.9%
13019,"Berrien County, GA",8.6,7.3,6.2,5.2,4.2,4.2,5.7,3.8,3.3,"$46,404",69.8%
13021,"Bibb County, GA",8.1,6.8,6.0,5.4,4.6,4.1,7.4,5.1,3.9,"$47,859",72.0%
13023,"Bleckley County, GA",11.3,8.7,8.0,6.8,5.8,5.3,6.4,5.2,4.4,"$51,770",77.8%
13025,"Brantley County, GA",9.3,7.6,6.8,5.7,4.5,4.3,5.3,3.7,3.6,"$48,076",72.3%
13027,"Brooks County, GA",7.2,6.2,5.3,4.5,4.0,3.5,5.2,3.8,3.2,"$40,936",61.6%
13029,"Bryan County, GA",6.5,5.3,4.9,4.2,3.4,3.0,5.1,2.9,2.7,"$87,334",131.3%
13031,"Bulloch County, GA",7.4,6.2,5.8,5.1,4.3,4.0,6.5,4.1,3.5,"$53,105",79.8%
13033,"Burke County, GA",10.1,8.3,7.8,7.2,6.1,5.3,7.1,5.9,5.4,"$46,977",70.6%
13035,"Butts County, GA",7.5,6.8,5.7,4.8,4.1,3.5,6.1,3.6,2.9,"$61,471",92.4%
13037,"Calhoun County, GA",7.0,6.3,5.7,5.3,4.3,3.7,5.1,4.1,3.2,"$38,232",57.5%
13039,"Camden County, GA",6.6,5.6,5.8,5.1,4.2,3.7,4.8,3.2,3.1,"$63,482",95.5%
13043,"Candler County, GA",6.9,5.8,4.9,4.1,3.4,3.1,4.4,3.1,2.5,"$41,593",62.5%
13045,"Carroll County, GA",8.2,6.8,6.1,5.1,4.0,3.6,6.3,3.7,3.2,"$59,894",90.1%
13047,"Catoosa County, GA",6.2,5.3,4.9,4.2,3.4,3.1,4.4,2.8,2.8,"$64,245",96.6%
13049,"Charlton County, GA",7.4,6.5,5.7,5.1,4.4,3.9,3.8,3.2,3.2,"$47,229",71.0%
13051,"Chatham County, GA",7.3,6.0,5.3,4.5,3.8,3.4,7.6,4.3,3.1,"$61,527",92.5%
13053,"Chattahoochee County, GA",9.7,8.9,8.4,6.9,5.5,4.7,6.3,4.6,4.7,"$53,786",80.9%
13055,"Chattooga County, GA",7.6,6.3,6.4,4.8,4.1,5.2,8.3,4.8,4.3,"$42,974",64.6%
13057,"Cherokee County, GA",5.5,4.8,4.3,3.8,3.1,2.9,4.8,2.6,2.4,"$96,997",145.8%
13059,"Clarke County, GA",7.0,6.2,5.6,4.8,4.0,3.7,6.4,3.9,3.4,"$49,145",73.9%
13061,"Clay County, GA",11.4,12.0,10.5,9.1,7.5,7.1,12.2,9.9,6.9,"$35,957",54.1%
13063,"Clayton County, GA",9.3,7.8,6.7,5.9,4.9,4.4,10.3,6.3,4.1,"$51,422",77.3%
13065,"Clinch County, GA",8.4,7.1,6.2,5.6,4.5,3.8,3.9,3.0,2.8,"$44,799",67.4%
13067,"Cobb County, GA",5.9,5.2,4.7,4.1,3.5,3.1,5.9,3.3,2.7,"$87,532",131.6%
13069,"Coffee County, GA",8.2,6.8,5.9,5.1,4.5,4.0,5.8,4.1,3.7,"$36,708",55.2%
13071,"Colquitt County, GA",8.1,6.5,5.3,4.5,3.8,3.2,4.5,3.3,2.9,"$44,485",66.9%
13073,"Columbia County, GA",5.8,5.1,4.7,4.2,3.5,3.2,4.2,2.8,2.9,"$87,281",131.2%
13075,"Cook County, GA",8.1,6.8,5.5,4.6,3.8,3.5,4.8,3.5,3.2,"$44,995",67.7%
13077,"Coweta County, GA",6.2,5.4,5.0,4.2,3.5,3.1,6.1,3.4,2.8,"$85,182",128.1%
13079,"Crawford County, GA",7.5,6.4,6.0,5.0,4.2,3.7,5.1,3.8,3.2,"$54,442",81.9%
13081,"Crisp County, GA",8.9,7.0,6.1,5.2,4.9,4.0,9.0,8.6,4.4,"$41,505",62.4%
13083,"Dade County, GA",6.3,5.6,5.1,4.4,3.7,3.4,4.1,2.7,2.7,"$64,054",96.3%
13085,"Dawson County, GA",6.1,5.2,4.7,3.9,3.3,2.9,4.6,2.7,2.5,"$76,903",115.6%
13087,"Decatur County, GA",8.2,6.9,6.7,5.6,4.7,3.9,4.8,3.7,3.4,"$42,960",64.6%
13089,"DeKalb County, GA",7.3,6.1,5.5,4.8,4.1,3.6,7.9,4.6,3.2,"$70,756",106.4%
13091,"Dodge County, GA",9.8,8.5,7.4,6.3,5.2,5.5,6.0,4.3,3.9,"$40,856",61.4%
13093,"Dooly County, GA",9.6,7.7,5.9,5.1,4.7,3.9,9.0,7.5,4.1,"$43,270",65.1%
13095,"Dougherty County, GA",9.3,7.9,6.9,6.1,5.4,4.8,8.6,6.3,4.5,"$41,985",63.1%
13097,"Douglas County, GA",7.4,6.5,5.6,4.9,4.2,3.7,7.3,4.3,3.4,"$66,162",99.5%
13099,"Early County, GA",9.0,7.1,7.0,5.5,4.6,4.0,5.7,5.0,3.9,"$38,817",58.4%
13101,"Echols County, GA",5.9,4.8,4.4,4.0,3.2,2.9,3.9,2.8,2.5,"$42,241",63.5%
13103,"Effingham County, GA",6.2,5.2,4.9,4.1,3.3,2.9,4.9,3.0,2.6,"$76,626",115.2%
13105,"Elbert County, GA",8.7,7.6,6.6,5.3,4.8,4.0,6.9,4.9,3.8,"$42,866",64.5%
13107,"Emanuel County, GA",10.5,8.9,7.8,6.7,6.0,5.5,7.0,5.2,4.2,"$45,252",68.0%
13109,"Evans County, GA",6.5,5.7,5.0,4.4,3.7,3.5,5.1,3.6,3.0,"$41,847",62.9%
13111,"Fannin County, GA",7.6,6.3,5.4,4.8,4.0,3.5,4.7,2.9,2.8,"$54,446",81.9%
13113,"Fayette County, GA",6.1,5.3,4.8,4.1,3.5,3.1,5.4,2.9,2.7,"$92,319",138.8%
13115,"Floyd County, GA",7.9,6.8,6.1,5.3,4.3,4.0,6.2,3.7,3.2,"$59,685",89.7%
13117,"Forsyth County, GA",5.3,4.6,4.2,3.8,3.2,2.9,4.5,2.5,2.4,"$120,919",181.8%
13119,"Franklin County, GA",8.2,6.4,5.3,4.8,3.9,3.6,5.8,3.8,3.3,"$48,045",72.2%
13121,"Fulton County, GA",7.1,6.1,5.5,4.9,4.1,3.6,7.9,4.6,3.3,"$82,820",124.5%
13123,"Gilmer County, GA",7.3,6.1,5.8,5.1,4.2,3.6,4.7,3.1,3.1,"$57,970",87.2%
13125,"Glascock County, GA",8.1,6.7,6.1,5.0,4.2,3.8,4.0,2.7,3.2,"$49,175",73.9%
13127,"Glynn County, GA",7.5,6.2,5.4,4.8,3.7,3.5,6.7,3.8,3.0,"$60,685",91.2%
13129,"Gordon County, GA",7.3,6.0,5.7,4.7,3.9,3.5,5.4,3.3,2.9,"$56,053",84.3%
13131,"Grady County, GA",7.4,6.1,5.5,4.9,3.9,3.5,4.4,3.2,3.1,"$42,171",63.4%
13133,"Greene County, GA",8.2,6.7,6.1,5.2,4.3,4.0,5.8,3.8,3.3,"$65,261",98.1%
13135,"Gwinnett County, GA",6.1,5.3,4.8,4.3,3.6,3.2,6.3,3.5,2.8,"$75,021",112.8%
13137,"Habersham County, GA",7.0,5.8,5.4,4.6,3.8,3.5,5.4,3.6,3.2,"$55,987",84.2%
13139,"Hall County, GA",5.9,4.9,4.6,3.9,3.2,2.9,4.7,2.7,2.5,"$68,057",102.3%
13141,"Hancock County, GA",11.7,10.0,8.5,7.1,6.0,5.8,8.8,6.3,5.1,"$35,830",53.9%
13143,"Haralson County, GA",8.0,6.7,5.9,4.8,3.9,3.5,5.8,3.5,3.1,"$62,472",93.9%
13145,"Harris County, GA",6.0,5.3,4.9,4.2,3.4,3.2,4.5,2.9,2.9,"$80,911",121.7%
13147,"Hart County, GA",7.5,6.3,5.4,4.5,3.7,3.6,5.4,3.9,3.1,"$59,149",88.9%
13149,"Heard County, GA",7.9,6.5,6.0,5.0,3.9,3.5,6.5,3.9,3.1,"$50,379",75.7%
13151,"Henry County, GA",7.3,6.3,5.6,4.9,4.2,3.7,7.3,4.2,3.3,"$76,577",115.1%
13153,"Houston County, GA",6.8,5.9,5.4,4.8,4.1,3.5,5.2,3.7,3.2,"$71,609",107.7%
13155,"Irwin County, GA",9.6,8.5,7.9,7.1,5.7,4.8,5.6,4.6,4.1,"$44,540",67.0%
13157,"Jackson County, GA",5.9,4.9,4.3,3.7,3.1,2.8,4.3,2.5,2.0,"$72,486",109.0%
13159,"Jasper County, GA",6.7,5.6,4.8,4.3,3.5,3.3,4.9,3.2,2.7,"$61,354",92.3%
13161,"Jeff Davis County, GA",8.2,6.8,6.4,6.1,4.9,4.7,5.1,4.0,3.7,"$42,192",63.4%
13163,"Jefferson County, GA",11.3,9.2,7.5,6.2,5.3,4.9,6.7,4.9,4.2,"$42,461",63.8%
13165,"Jenkins County, GA",10.0,8.5,7.7,6.8,5.4,5.2,6.3,4.8,4.4,"$38,497",57.9%
13167,"Johnson County, GA",8.6,7.1,6.2,5.1,4.0,3.8,4.9,3.6,3.0,"$37,703",56.7%
13169,"Jones County, GA",6.3,5.6,4.9,4.4,3.7,3.3,4.5,3.2,3.0,"$61,509",92.5%
13171,"Lamar County, GA",9.6,7.8,6.6,5.6,4.7,4.0,6.3,4.2,3.4,"$55,933",84.1%
13173,"Lanier County, GA",8.1,6.8,5.9,5.1,4.5,4.1,5.3,3.9,3.5,"$47,789",71.9%
13175,"Laurens County, GA",9.3,7.7,6.7,5.9,4.8,4.7,6.6,4.3,4.0,"$47,905",72.0%
13177,"Lee County, GA",6.3,5.4,4.8,4.2,3.6,3.1,4.5,3.1,3.0,"$76,546",115.1%
13179,"Liberty County, GA",7.7,6.4,5.9,5.2,4.3,3.9,6.2,4.0,3.4,"$50,696",76.2%
13181,"Lincoln County, GA",8.3,6.9,6.0,5.3,5.0,4.0,5.4,4.1,3.6,"$50,080",75.3%
13183,"Long County, GA",7.4,6.0,5.5,4.9,4.0,3.8,4.4,3.1,3.2,"$55,601",83.6%
13185,"Lowndes County, GA",7.3,6.0,5.3,4.7,4.1,3.7,6.0,4.1,3.4,"$46,565",70.0%
13187,"Lumpkin County, GA",6.4,5.5,4.9,4.2,3.6,3.3,4.8,2.8,2.6,"$64,077",96.3%
13189,"McDuffie County, GA",10.0,8.5,7.4,6.3,5.6,5.3,7.9,5.3,4.6,"$44,597",67.1%
13191,"McIntosh County, GA",7.9,6.6,5.9,5.1,4.0,3.8,5.6,3.7,3.2,"$47,651",71.6%
13193,"Macon County, GA",11.8,9.3,8.4,7.0,6.3,4.7,7.6,6.5,4.3,"$35,660",53.6%
13195,"Madison County, GA",6.7,5.6,5.0,4.3,3.6,3.2,5.0,3.1,3.0,"$56,526",85.0%
13197,"Marion County, GA",7.7,8.6,7.4,6.1,5.2,4.4,5.1,3.7,3.7,"$39,717",59.7%
13199,"Meriwether County, GA",9.8,8.2,7.0,6.0,5.0,4.7,8.6,5.2,3.9,"$46,799",70.4%
13201,"Miller County, GA",6.3,5.5,5.5,4.5,3.7,3.4,4.0,3.0,2.7,"$44,814",67.4%
13205,"Mitchell County, GA",7.9,6.8,6.7,6.3,5.4,4.7,6.5,5.1,4.1,"$42,539",64.0%
13207,"Monroe County, GA",6.7,5.9,5.2,4.5,3.7,3.4,5.0,3.2,2.9,"$65,697",98.8%
13209,"Montgomery County, GA",10.4,8.8,7.5,6.6,5.8,5.3,5.4,4.2,4.0,"$47,618",71.6%
13211,"Morgan County, GA",6.6,5.6,5.1,4.5,3.6,3.3,5.3,3.3,2.8,"$67,187",101.0%
13213,"Murray County, GA",9.4,7.5,7.2,6.2,5.3,5.3,7.5,4.4,4.1,"$53,297",80.1%
13215,"Muscogee County, GA",8.5,7.6,6.9,6.0,5.1,4.7,7.8,5.3,4.3,"$52,090",78.3%
13217,"Newton County, GA",8.2,6.9,6.1,5.4,4.5,4.0,7.1,4.4,3.5,"$71,366",107.3%
13219,"Oconee County, GA",5.1,4.5,4.1,3.6,3.0,2.6,3.7,2.3,2.4,"$112,581",169.3%
13221,"Oglethorpe County, GA",6.6,5.6,4.9,4.4,3.7,3.3,4.7,2.9,2.8,"$57,215",86.0%
13223,"Paulding County, GA",6.2,5.3,4.7,4.2,3.5,3.1,5.3,3.0,2.7,"$89,632",134.8%
13225,"Peach County, GA",9.5,8.1,7.1,5.9,5.2,4.2,6.2,4.9,3.9,"$54,921",82.6%
13227,"Pickens County, GA",6.7,5.4,4.9,4.3,3.6,3.1,4.7,2.8,2.7,"$72,539",109.1%
13229,"Pierce County, GA",7.5,6.3,5.4,4.6,3.8,3.5,4.5,3.2,2.9,"$51,688",77.7%
13231,"Pike County, GA",7.0,5.8,5.2,4.5,3.6,3.1,4.9,2.9,2.8,"$75,668",113.8%
13233,"Polk County, GA",7.8,6.7,6.2,5.3,4.2,3.8,5.9,3.6,3.2,"$49,061",73.8%
13235,"Pulaski County, GA",7.8,6.7,5.9,5.3,4.4,4.0,4.7,3.8,3.4,"$45,594",68.6%
13237,"Putnam County, GA",9.1,8.2,7.1,5.8,5.0,4.5,6.4,4.0,3.6,"$55,826",83.9%
13239,"Quitman County, GA",8.4,6.9,7.4,5.9,5.6,5.3,6.3,4.8,5.1,"$38,357",57.7%
13241,"Rabun County, GA",8.2,6.8,6.0,5.0,4.0,3.6,5.3,3.2,3.0,"$58,463",87.9%
13243,"Randolph County, GA",9.7,9.3,8.6,6.5,5.6,4.9,5.9,5.3,4.6,"$34,883",52.5%
13245,"Richmond County, GA",8.7,7.5,6.8,6.0,5.2,4.7,7.6,5.3,4.4,"$47,816",71.9%
13247,"Rockdale County, GA",7.9,6.6,5.9,5.3,4.4,4.0,7.6,4.6,3.6,"$65,746",98.9%
13249,"Schley County, GA",7.6,6.8,6.4,5.5,4.6,4.0,4.3,3.8,3.9,"$53,369",80.2%
13251,"Screven County, GA",10.0,8.5,7.6,6.3,5.4,5.6,8.1,5.6,4.5,"$45,061",67.8%
13253,"Seminole County, GA",9.5,8.2,8.0,6.5,5.4,4.4,5.0,3.8,3.7,"$41,917",63.0%
13255,"Spalding County, GA",9.5,8.2,7.0,5.9,4.7,4.2,7.5,4.6,3.4,"$52,902",79.5%
13257,"Stephens County, GA",7.7,6.6,6.0,5.3,4.6,3.9,6.3,4.4,3.7,"$47,909",72.0%
13259,"Stewart County, GA",7.5,7.0,6.5,6.0,4.8,4.4,5.6,3.8,3.8,"$37,318",56.1%
13261,"Sumter County, GA",9.5,8.5,7.7,6.8,6.0,4.9,7.4,5.7,4.3,"$39,008",58.7%
13263,"Talbot County, GA",7.9,7.9,6.8,6.2,5.1,4.6,6.7,4.5,3.8,"$42,646",64.1%
13265,"Taliaferro County, GA",11.0,8.0,6.9,6.7,5.4,5.3,7.1,5.1,4.2,"$40,045",60.2%
13267,"Tattnall County, GA",7.0,6.3,5.4,5.0,4.2,3.9,4.3,3.3,3.1,"$44,225",66.5%
13269,"Taylor County, GA",10.3,9.3,7.6,8.8,6.5,4.3,7.2,6.1,5.2,"$41,030",61.7%
13271,"Telfair County, GA",9.8,8.8,8.5,7.9,6.7,9.5,9.8,7.1,5.9,"$38,091",57.3%
13273,"Terrell County, GA",8.1,7.6,6.6,6.0,6.7,5.2,7.5,6.3,4.7,"$40,549",61.0%
13275,"Thomas County, GA",8.8,7.4,6.3,5.8,4.7,4.1,6.2,4.2,3.6,"$50,154",75.4%
13277,"Tift County, GA",7.3,6.2,5.5,4.7,4.0,3.4,5.0,3.5,2.9,"$48,717",73.3%
13279,"Toombs County, GA",9.9,8.9,7.9,6.6,5.8,5.0,6.5,4.5,3.9,"$45,253",68.0%
13281,"Towns County, GA",9.2,8.0,6.9,6.6,5.7,5.0,6.6,4.1,4.2,"$51,810",77.9%
13283,"Treutlen County, GA",10.6,8.6,7.8,6.8,5.8,5.3,6.1,4.4,4.1,"$40,947",61.6%
13285,"Troup County, GA",7.4,6.2,5.2,4.4,3.7,3.3,7.2,4.4,3.1,"$49,557",74.5%
13287,"Turner County, GA",8.0,6.9,6.6,5.7,5.1,3.9,7.2,6.4,4.2,"$37,477",56.4%
13289,"Twiggs County, GA",11.2,9.3,8.8,7.6,6.0,5.7,7.5,5.3,4.8,"$47,382",71.2%
13291,"Union County, GA",6.6,5.4,4.8,4.5,3.7,3.2,4.4,2.8,2.8,"$59,494",89.5%
13293,"Upson County, GA",8.9,7.4,6.5,5.5,4.4,3.7,6.5,4.1,3.3,"$47,140",70.9%
13295,"Walker County, GA",7.2,6.1,5.6,4.6,3.9,3.7,4.9,3.2,3.1,"$47,810",71.9%
13297,"Walton County, GA",6.5,5.5,5.0,4.4,3.6,3.2,5.3,3.2,2.9,"$73,839",111.0%
13299,"Ware County, GA",7.9,6.6,5.5,4.6,4.0,3.8,5.5,3.7,3.1,"$43,065",64.8%
13301,"Warren County, GA",9.7,7.9,7.0,5.9,5.0,4.9,6.7,4.7,3.9,"$40,361",60.7%
13303,"Washington County, GA",8.1,7.1,6.4,5.9,5.0,4.3,6.4,5.0,4.1,"$46,051",69.2%
13305,"Wayne County, GA",8.8,7.4,6.9,5.7,4.7,4.2,5.6,3.8,3.2,"$46,314",69.6%
13307,"Webster County, GA",8.6,9.5,8.7,7.6,6.3,5.0,5.6,4.6,3.9,"$44,084",66.3%
13309,"Wheeler County, GA",12.4,11.0,9.1,9.0,7.4,7.5,7.2,5.6,5.3,"$35,664",53.6%
13311,"White County, GA",6.2,5.3,4.7,3.9,3.1,2.8,4.3,2.6,2.5,"$61,473",92.4%
13313,"Whitfield County, GA",7.9,6.5,6.2,5.5,4.8,4.6,7.2,4.0,3.9,"$56,973",85.7%
13315,"Wilcox County, GA",9.2,8.0,7.3,5.8,5.2,4.5,6.0,4.9,3.8,"$38,449",57.8%
13317,"Wilkes County, GA",9.3,7.4,6.7,5.7,4.7,4.7,6.7,4.7,4.2,"$42,567",64.0%
13319,"Wilkinson County, GA",8.7,7.4,6.4,5.7,4.5,3.9,5.3,4.2,3.8,"$46,475",69.9%
13321,"Worth County, GA",7.9,6.6,5.9,4.9,4.5,4.0,5.4,4.1,3.2,"$48,943",73.6%
40000,Oklahoma,4.3,4.3,4.6,4.0,3.3,3.1,6.3,4.0,3.1,"$55,829",100.0%
40001,"Adair County, OK",7.7,5.9,5.6,4.7,4.0,3.9,6.0,3.8,3.4,"$43,371",77.7%
40003,"Alfalfa County, OK",2.4,2.9,3.2,2.5,2.1,1.9,3.7,2.5,2.0,"$55,157",98.8%
40005,"Atoka County, OK",5.9,6.3,6.4,5.0,4.0,4.2,7.3,5.0,3.9,"$44,489",79.7%
40007,"Beaver County, OK",2.7,2.6,3.0,2.4,1.9,1.9,2.7,1.8,1.9,"$60,260",107.9%
40009,"Beckham County, OK",2.7,5.0,6.9,3.7,2.5,3.0,7.8,4.5,2.6,"$46,744",83.7%
40011,"Blaine County, OK",3.3,3.7,3.6,2.6,1.9,1.9,6.1,3.1,2.3,"$50,068",89.7%
40013,"Bryan County, OK",4.7,4.5,4.2,3.6,3.1,2.9,5.2,3.5,2.8,"$47,916",85.8%
40015,"Caddo County, OK",5.2,5.0,5.1,4.2,3.4,3.4,6.1,3.9,3.3,"$44,121",79.0%
40017,"Canadian County, OK",3.4,3.5,3.8,3.3,2.7,2.7,6.0,3.4,2.6,"$75,806",135.8%
40019,"Carter County, OK",4.3,4.4,5.0,4.3,3.4,3.3,7.2,4.6,3.5,"$53,211",95.3%
40021,"Cherokee County, OK",5.8,5.0,5.3,5.1,4.1,3.8,5.6,4.3,3.6,"$42,269",75.7%
40023,"Choctaw County, OK",8.0,7.5,7.4,5.8,4.8,4.6,7.7,5.4,4.7,"$41,228",73.8%
40025,"Cimarron County, OK",2.7,2.2,2.4,2.3,1.8,1.7,2.1,1.9,1.4,"$50,300",90.1%
40027,"Cleveland County, OK",3.6,3.4,3.7,3.3,2.8,2.7,5.7,3.4,2.6,"$67,692",121.2%
40029,"Coal County, OK",6.5,7.4,7.1,5.1,3.6,3.7,7.0,4.7,3.3,"$44,733",80.1%
40031,"Comanche County, OK",4.5,4.2,4.4,4.2,3.8,3.5,6.8,4.3,3.7,"$50,090",89.7%
40033,"Cotton County, OK",4.5,4.1,4.6,3.8,3.0,3.0,7.2,4.3,3.1,"$48,703",87.2%
40035,"Craig County, OK",5.3,4.7,4.7,4.1,3.3,3.4,5.5,3.8,3.1,"$48,825",87.5%
40037,"Creek County, OK",4.8,4.8,5.6,4.7,3.7,3.5,6.7,4.4,3.5,"$53,287",95.4%
40039,"Custer County, OK",3.0,3.9,4.4,3.1,2.4,2.4,5.5,3.4,2.7,"$51,098",91.5%
40041,"Delaware County, OK",5.6,4.8,4.7,4.2,3.8,3.6,5.4,3.5,3.0,"$47,774",85.6%
40043,"Dewey County, OK",3.0,3.5,3.9,2.7,1.8,2.0,5.0,2.9,2.0,"$53,165",95.2%
40045,"Ellis County, OK",2.9,4.0,3.7,3.0,2.1,2.3,4.6,2.9,2.3,"$52,503",94.0%
40047,"Garfield County, OK",3.4,3.8,4.2,3.7,2.9,2.9,5.6,3.6,2.9,"$59,514",106.6%
40049,"Garvin County, OK",3.9,4.6,5.2,3.9,3.1,3.0,6.4,3.9,2.9,"$50,043",89.6%
40051,"Grady County, OK",3.9,4.4,4.8,3.8,2.9,3.0,6.3,3.6,2.8,"$61,326",109.8%
40053,"Grant County, OK",2.6,2.9,3.1,2.4,2.0,2.0,3.4,2.7,1.9,"$51,688",92.6%
40055,"Greer County, OK",4.5,5.5,7.1,4.9,3.8,4.1,7.7,5.3,3.5,"$39,391",70.6%
40057,"Harmon County, OK",3.9,3.4,3.7,3.6,2.8,2.7,3.6,2.7,2.7,"$38,826",69.5%
40059,"Harper County, OK",2.7,3.0,3.7,2.9,2.2,2.7,3.5,2.6,2.0,"$58,116",104.1%
40061,"Haskell County, OK",7.2,7.7,8.0,6.3,4.9,5.0,8.1,5.5,4.4,"$36,954",66.2%
40063,"Hughes County, OK",6.8,7.3,7.0,5.3,4.0,4.6,7.7,5.4,3.9,"$39,603",70.9%
40065,"Jackson County, OK",4.2,4.0,4.2,3.6,2.9,2.8,4.2,3.0,2.8,"$55,293",99.0%
40067,"Jefferson County, OK",4.5,5.6,6.9,5.3,3.3,3.1,6.7,4.1,3.1,"$37,798",67.7%
40069,"Johnston County, OK",6.8,6.4,5.7,3.8,2.8,4.1,7.8,4.8,3.7,"$47,039",84.3%
40071,"Kay County, OK",5.5,5.5,6.1,5.1,4.5,4.1,6.8,4.5,3.5,"$50,034",89.6%
40073,"Kingfisher County, OK",3.0,3.1,3.2,2.6,2.0,2.0,4.5,2.7,2.0,"$66,770",119.6%
40075,"Kiowa County, OK",3.9,4.5,5.1,5.0,4.0,3.6,5.2,3.5,3.3,"$40,937",73.3%
40077,"Latimer County, OK",7.1,7.9,8.3,7.1,5.8,6.0,10.3,7.5,5.7,"$37,294",66.8%
40079,"Le Flore County, OK",6.6,6.7,6.7,5.5,4.4,4.5,7.1,4.8,3.7,"$42,198",75.6%
40081,"Lincoln County, OK",4.4,4.6,5.1,4.1,3.4,3.4,5.8,3.7,3.1,"$51,525",92.3%
40083,"Logan County, OK",3.9,3.7,3.9,3.5,2.9,2.8,5.3,3.4,2.7,"$68,955",123.5%
40085,"Love County, OK",3.5,3.5,3.0,2.8,2.1,2.2,4.3,2.8,2.4,"$52,205",93.5%
40087,"McClain County, OK",3.6,3.6,4.0,3.3,2.7,2.6,5.6,3.3,2.7,"$72,895",130.6%
40089,"McCurtain County, OK",7.8,7.7,6.9,6.0,5.3,5.4,6.8,4.6,4.0,"$43,930",78.7%
40091,"McIntosh County, OK",8.9,8.4,8.6,7.3,5.7,5.6,8.7,6.3,4.9,"$42,506",76.1%
40093,"Major County, OK",2.5,3.2,4.0,3.0,2.1,2.0,4.9,3.2,2.4,"$55,948",100.2%
40095,"Marshall County, OK",4.6,5.3,4.9,4.4,3.6,3.3,6.6,3.8,3.1,"$49,443",88.6%
40097,"Mayes County, OK",4.7,4.2,4.9,4.5,3.2,3.0,5.2,3.9,3.2,"$53,161",95.2%
40099,"Murray County, OK",4.0,4.1,4.4,3.5,2.8,2.9,6.3,4.1,3.1,"$55,997",100.3%
40101,"Muskogee County, OK",5.5,5.0,5.3,4.8,3.9,3.7,6.2,4.5,3.5,"$44,521",79.7%
40103,"Noble County, OK",3.5,3.5,3.4,3.1,2.5,2.3,4.2,2.7,2.2,"$58,612",105.0%
40105,"Nowata County, OK",5.9,5.6,5.9,5.1,4.0,3.3,5.4,3.7,2.9,"$50,228",90.0%
40107,"Okfuskee County, OK",5.8,5.7,5.9,5.7,4.6,4.4,6.9,5.1,4.0,"$36,567",65.5%
40109,"Oklahoma County, OK",4.0,3.8,4.1,3.8,3.2,3.0,6.6,4.2,3.0,"$57,890",103.7%
40111,"Okmulgee County, OK",6.6,6.5,6.9,6.0,4.8,4.7,7.5,5.4,4.2,"$46,411",83.1%
40113,"Osage County, OK",5.0,5.1,5.6,4.9,4.1,3.6,6.7,4.4,3.6,"$56,156",100.6%
40115,"Ottawa County, OK",6.5,5.0,4.9,4.1,3.3,3.2,5.8,3.4,2.8,"$45,523",81.5%
40117,"Pawnee County, OK",5.1,5.7,6.4,5.1,4.0,3.8,6.7,4.3,3.7,"$52,367",93.8%
40119,"Payne County, OK",3.6,3.4,3.6,3.4,2.8,2.8,5.4,3.4,2.8,"$50,651",90.7%
40121,"Pittsburg County, OK",5.9,5.6,5.9,5.0,3.7,4.0,7.8,5.5,4.3,"$47,589",85.2%
40123,"Pontotoc County, OK",4.2,3.9,3.9,3.6,3.0,3.0,5.3,3.5,2.8,"$51,044",91.4%
40125,"Pottawatomie County, OK",4.6,4.4,4.5,3.9,3.6,3.5,6.3,4.1,3.5,"$51,569",92.4%
40127,"Pushmataha County, OK",7.2,7.6,7.0,5.9,5.0,4.7,6.8,4.5,3.9,"$42,360",75.9%
40129,"Roger Mills County, OK",2.7,4.1,5.0,3.1,2.3,2.9,5.2,3.0,2.3,"$54,944",98.4%
40131,"Rogers County, OK",4.1,4.3,4.8,4.2,3.2,2.9,6.0,3.7,2.9,"$69,436",124.4%
40133,"Seminole County, OK",6.6,6.7,6.7,5.4,4.6,4.6,7.6,5.3,4.2,"$42,053",75.3%
40135,"Sequoyah County, OK",6.6,6.2,6.0,5.2,4.2,3.9,7.0,4.5,3.5,"$43,293",77.5%
40137,"Stephens County, OK",4.3,5.8,9.2,5.9,3.8,4.1,8.0,4.7,3.3,"$49,840",89.3%
40139,"Texas County, OK",3.6,3.1,3.3,3.0,2.6,1.8,2.4,1.9,1.8,"$56,229",100.7%
40141,"Tillman County, OK",4.5,4.2,4.3,4.0,3.6,3.5,6.4,4.6,3.4,"$44,231",79.2%
40143,"Tulsa County, OK",4.1,4.0,4.5,4.0,3.2,3.0,6.7,4.2,3.1,"$59,232",106.1%
40145,"Wagoner County, OK",4.1,4.1,4.6,4.1,3.2,3.0,5.9,3.7,3.0,"$70,603",126.5%
40147,"Washington County, OK",4.1,4.2,4.7,4.3,3.8,3.3,6.0,4.0,3.3,"$54,108",96.9%
40149,"Washita County, OK",3.3,5.4,6.7,4.2,2.9,3.2,6.9,4.5,3.1,"$51,073",91.5%
40151,"Woods County, OK",2.6,2.7,3.1,2.5,2.1,2.0,3.5,2.2,1.9,"$51,371",92.0%
40153,"Woodward County, OK",3.0,5.1,6.0,3.9,2.6,2.8,7.0,4.4,3.0,"$56,666",101.5%
01000,Alabama,6.7,6.1,5.9,4.5,3.9,3.2,6.4,3.4,2.5,"$53,990",100.0%
01001,"Autauga County, AL",5.8,5.2,5.1,4.0,3.6,2.9,5.3,2.8,2.2,"$66,444",123.1%
01003,"Baldwin County, AL",6.1,5.6,5.4,4.2,3.6,2.9,6.1,2.9,2.3,"$65,658",121.6%
01005,"Barbour County, AL",10.5,8.9,8.4,6.0,5.1,4.0,7.7,5.5,4.0,"$38,649",71.6%
01007,"Bibb County, AL",7.2,6.7,6.5,4.5,4.0,3.2,7.2,3.4,2.4,"$48,454",89.7%
01009,"Blount County, AL",6.1,5.4,5.4,4.1,3.5,2.8,4.5,2.4,2.2,"$56,894",105.4%
01011,"Bullock County, AL",8.8,8.0,6.9,5.0,4.7,3.9,5.9,3.9,2.8,"$32,027",59.3%
01013,"Butler County, AL",8.5,7.6,6.9,5.6,4.7,3.9,9.5,5.1,3.3,"$39,442",73.1%
01015,"Calhoun County, AL",7.9,7.1,6.6,5.1,4.6,3.7,7.7,4.0,3.0,"$48,166",89.2%
01017,"Chambers County, AL",6.7,6.1,5.5,4.2,3.9,3.1,7.4,3.6,2.5,"$45,447",84.2%
01019,"Cherokee County, AL",5.8,5.5,5.1,4.2,3.6,3.0,5.1,2.5,2.3,"$46,365",85.9%
01021,"Chilton County, AL",6.2,5.7,5.5,4.2,3.6,2.9,5.4,2.8,2.2,"$55,142",102.1%
01023,"Choctaw County, AL",9.0,9.2,8.5,6.5,5.5,4.9,7.3,4.3,3.7,"$40,601",75.2%
01025,"Clarke County, AL",12.1,11.8,10.9,8.7,7.4,6.1,9.7,5.8,4.9,"$45,447",84.2%
01027,"Clay County, AL",7.1,6.2,6.0,4.4,3.8,3.1,4.4,2.7,2.2,"$47,036",87.1%
01029,"Cleburne County, AL",6.6,6.1,6.0,4.6,4.2,3.3,5.0,2.6,2.3,"$49,769",92.2%
01031,"Coffee County, AL",6.6,6.0,5.9,4.5,3.9,3.1,4.8,2.8,2.5,"$55,052",102.0%
01033,"Colbert County, AL",8.3,8.0,7.0,5.3,4.6,4.0,7.2,3.9,3.0,"$53,341",98.8%
01035,"Conecuh County, AL",10.3,9.3,8.4,6.3,5.2,4.2,7.9,4.7,3.4,"$35,621",66.0%
01037,"Coosa County, AL",8.8,6.7,6.0,4.8,4.1,3.1,6.0,3.0,2.5,"$45,954",85.1%
01039,"Covington County, AL",7.7,7.2,6.8,5.3,4.6,3.6,5.4,3.0,2.6,"$44,188",81.8%
01041,"Crenshaw County, AL",6.9,6.0,5.9,4.6,4.0,3.0,6.2,3.3,2.7,"$38,037",70.5%
01043,"Cullman County, AL",6.0,5.3,5.0,3.8,3.3,2.7,4.7,2.3,2.0,"$55,036",101.9%
01045,"Dale County, AL",7.0,6.4,5.8,4.6,4.2,3.3,5.3,3.1,2.5,"$50,086",92.8%
01047,"Dallas County, AL",11.2,9.6,9.2,7.7,6.5,5.8,11.6,7.1,4.9,"$33,159",61.4%
01049,"DeKalb County, AL",6.8,6.1,6.1,4.6,3.8,3.0,4.9,2.5,2.3,"$45,062",83.5%
01051,"Elmore County, AL",5.7,5.1,4.8,3.8,3.4,2.8,5.2,2.7,2.1,"$63,147",117.0%
01053,"Escambia County, AL",8.0,7.1,6.7,5.1,4.5,3.7,6.7,4.0,3.0,"$40,506",75.0%
01055,"Etowah County, AL",7.0,6.2,5.9,4.7,4.1,3.6,8.3,4.0,3.0,"$46,308",85.8%
01057,"Fayette County, AL",7.8,7.1,6.8,4.8,4.1,3.3,5.5,3.0,2.7,"$46,122",85.4%
01059,"Franklin County, AL",7.7,6.5,5.9,4.4,3.7,2.9,4.9,2.5,2.3,"$45,440",84.2%
01061,"Geneva County, AL",6.7,6.0,5.8,4.4,3.9,3.1,4.5,2.8,2.3,"$43,206",80.0%
01063,"Greene County, AL",12.4,11.1,10.0,7.7,6.6,5.9,11.6,6.5,4.2,"$30,225",56.0%
01065,"Hale County, AL",9.8,7.8,7.7,6.1,5.1,4.2,10.2,5.5,3.8,"$41,995",77.8%
01067,"Henry County, AL",7.5,6.8,6.5,5.0,4.4,3.8,5.3,3.1,2.7,"$56,389",104.4%
01069,"Houston County, AL",6.7,6.3,5.8,4.5,4.0,3.2,5.9,3.3,2.5,"$48,701",90.2%
01071,"Jackson County, AL",7.2,6.7,6.3,4.9,4.1,3.5,5.8,2.8,2.4,"$46,998",87.0%
01073,"Jefferson County, AL",6.3,5.8,5.7,4.4,3.7,3.0,6.7,3.5,2.5,"$55,210",102.3%
01075,"Lamar County, AL",6.9,6.4,5.7,4.3,3.8,3.3,5.3,3.0,2.6,"$44,265",82.0%
01077,"Lauderdale County, AL",7.2,7.0,6.4,4.7,4.2,3.5,6.1,3.1,2.6,"$52,222",96.7%
01079,"Lawrence County, AL",8.2,7.8,6.9,5.0,4.1,3.3,5.4,2.9,2.3,"$55,555",102.9%
01081,"Lee County, AL",5.6,5.3,5.2,4.1,3.6,2.9,5.7,2.8,2.3,"$54,188",100.4%
01083,"Limestone County, AL",6.1,5.5,5.3,4.1,3.5,2.8,4.6,2.4,2.0,"$69,207",128.2%
01085,"Lowndes County, AL",12.8,11.6,10.6,8.4,7.3,6.1,14.3,8.7,5.1,"$36,993",68.5%
01087,"Macon County, AL",9.1,8.1,7.6,5.9,5.4,4.5,10.3,5.8,3.7,"$35,354",65.5%
01089,"Madison County, AL",6.1,5.5,5.1,4.0,3.5,2.7,5.1,2.6,2.1,"$78,386",145.2%
01091,"Marengo County, AL",7.9,7.7,7.2,5.7,4.9,3.7,6.8,4.2,3.3,"$42,048",77.9%
01093,"Marion County, AL",7.9,7.0,6.6,4.9,4.1,3.7,5.5,2.8,2.4,"$44,636",82.7%
01095,"Marshall County, AL",6.6,5.8,5.3,3.9,3.4,2.6,4.6,2.4,2.0,"$50,858",94.2%
01097,"Mobile County, AL",7.7,6.9,6.6,5.3,4.7,3.9,8.5,4.6,3.2,"$49,848",92.3%
01099,"Monroe County, AL",11.0,10.1,9.1,6.9,6.1,5.1,8.8,5.5,4.0,"$40,997",75.9%
01101,"Montgomery County, AL",6.8,6.1,5.7,4.4,4.0,3.3,8.4,4.7,3.0,"$50,645",93.8%
01103,"Morgan County, AL",6.6,5.9,5.5,4.2,3.5,2.7,4.9,2.6,2.0,"$56,340",104.4%
01105,"Perry County, AL",12.0,10.0,10.3,8.0,6.5,5.5,11.8,7.9,5.1,"$31,522",58.4%
01107,"Pickens County, AL",8.1,6.8,6.9,5.5,4.6,3.7,7.2,4.0,3.2,"$43,926",81.4%
01109,"Pike County, AL",7.3,6.6,6.5,5.0,4.5,3.5,5.4,3.2,2.7,"$38,945",72.1%
01111,"Randolph County, AL",6.7,5.9,5.6,4.5,4.0,3.2,5.2,2.7,2.4,"$45,889",85.0%
01113,"Russell County, AL",6.5,6.0,5.6,4.4,4.0,3.1,5.7,3.0,2.6,"$44,849",83.1%
01115,"St. Clair County, AL",5.7,5.2,5.2,4.1,3.5,2.9,5.3,2.6,2.1,"$63,015",116.7%
01117,"Shelby County, AL",4.5,4.2,4.3,3.3,2.8,2.3,4.2,2.1,1.8,"$85,457",158.3%
01119,"Sumter County, AL",8.4,8.0,7.7,6.7,5.8,4.8,7.6,4.4,3.4,"$29,490",54.6%
01121,"Talladega County, AL",7.7,6.6,6.6,5.1,4.3,3.6,7.7,4.0,3.0,"$47,331",87.7%
01123,"Tallapoosa County, AL",7.5,6.1,5.6,4.3,4.1,3.2,7.5,3.9,2.8,"$47,444",87.9%
01125,"Tuscaloosa County, AL",5.9,5.5,5.7,4.3,3.6,2.9,7.2,3.5,2.5,"$56,274",104.2%
01127,"Walker County, AL",7.9,7.3,7.5,5.2,4.2,3.5,6.4,3.5,2.7,"$46,343",85.8%
01129,"Washington County, AL",9.5,9.0,8.6,6.9,5.8,4.9,8.7,4.6,3.6,"$49,795",92.2%
01131,"Wilcox County, AL",16.8,14.7,14.5,11.7,9.5,7.5,15.9,10.5,7.6,"$30,071",55.7%
01133,"Winston County, AL",8.6,7.6,7.1,5.1,4.2,3.5,5.1,2.7,2.4,"$47,176",87.4%
08000,Colorado,5.0,3.7,3.1,2.6,3.0,2.7,6.8,5.5,3.1,"$82,228",100.0%
08001,"Adams County, CO",5.7,4.2,3.4,2.8,3.2,2.8,7.5,6.2,3.4,"$80,831",98.3%
08003,"Alamosa County, CO",7.2,5.0,3.9,3.2,3.8,3.4,5.9,6.0,3.7,"$51,009",62.0%
08005,"Arapahoe County, CO",4.9,3.6,3.0,2.6,3.0,2.6,7.3,5.8,3.1,"$84,308",102.5%
08007,"Archuleta County, CO",6.0,3.9,3.1,2.8,3.2,3.0,7.0,5.3,3.2,"$68,025",82.7%
08009,"Baca County, CO",2.8,2.0,1.6,1.5,1.7,1.6,2.2,2.3,1.8,"$44,257",53.8%
08011,"Bent County, CO",5.3,3.8,2.9,2.6,3.0,2.7,4.0,6.6,3.6,"$37,185",45.2%
08013,"Boulder County, CO",4.1,3.1,2.6,2.2,2.6,2.3,5.7,4.4,2.6,"$90,327",109.8%
08014,"Broomfield County/city, CO",4.2,3.2,2.8,2.4,2.7,2.4,6.1,4.6,2.6,"$106,413",129.4%
08015,"Chaffee County, CO",4.3,3.3,2.5,2.2,2.5,2.3,5.9,4.4,2.8,"$65,987",80.2%
08017,"Cheyenne County, CO",2.9,2.6,2.1,1.6,1.7,1.5,2.2,2.5,1.9,"$58,544",71.2%
08019,"Clear Creek County, CO",4.6,3.5,3.0,2.4,2.8,2.4,8.1,5.6,3.0,"$78,312",95.2%
08021,"Conejos County, CO",7.8,5.5,4.6,3.9,4.0,3.5,5.2,5.1,3.3,"$45,931",55.9%
08023,"Costilla County, CO",9.0,6.2,4.6,3.3,4.1,3.8,6.7,6.4,4.2,"$35,416",43.1%
08025,"Crowley County, CO",5.9,4.3,3.4,2.9,4.1,4.1,5.1,5.6,3.8,"$38,049",46.3%
08027,"Custer County, CO",4.6,3.4,3.0,2.8,3.4,2.9,4.7,4.3,3.0,"$63,505",77.2%
08029,"Delta County, CO",7.0,5.5,4.7,3.6,3.7,3.2,6.1,5.7,3.6,"$52,403",63.7%
08031,"Denver County/city, CO",4.8,3.6,3.0,2.5,2.9,2.6,7.6,5.9,3.1,"$81,262",98.8%
08033,"Dolores County, CO",3.9,3.0,3.7,2.7,2.7,2.9,6.4,5.0,3.0,"$55,157",67.1%
08035,"Douglas County, CO",4.0,3.0,2.5,2.2,2.6,2.3,5.3,4.2,2.5,"$129,839",157.9%
08037,"Eagle County, CO",4.2,3.0,2.6,2.2,2.5,2.2,8.9,4.8,2.6,"$94,928",115.4%
08039,"Elbert County, CO",4.3,3.0,2.5,2.2,2.6,2.1,4.3,3.9,2.5,"$114,853",139.7%
08041,"El Paso County, CO",6.0,4.4,3.6,3.0,3.7,3.2,6.7,5.7,3.3,"$79,094",96.2%
08043,"Fremont County, CO",8.2,5.9,4.9,4.0,4.9,4.4,7.2,7.5,4.8,"$51,732",62.9%
08045,"Garfield County, CO",5.2,4.0,3.3,2.7,3.0,2.6,6.3,5.1,3.0,"$78,940",96.0%
08047,"Gilpin County, CO",4.4,3.0,2.3,1.9,2.4,2.2,10.8,6.1,2.8,"$82,370",100.2%
08049,"Grand County, CO",4.0,3.1,2.6,2.1,2.5,2.1,7.9,4.6,2.7,"$78,779",95.8%
08051,"Gunnison County, CO",4.0,2.8,2.2,1.9,2.3,2.1,6.2,4.0,2.5,"$63,872",77.7%
08053,"Hinsdale County, CO",3.7,3.0,2.2,2.1,2.5,3.2,3.8,3.8,2.6,"$66,213",80.5%
08055,"Huerfano County, CO",10.0,7.4,6.0,5.3,6.1,5.5,8.8,8.6,6.2,"$46,798",56.9%
08057,"Jackson County, CO",3.6,3.6,2.6,1.7,2.4,2.3,3.9,3.6,2.2,"$55,535",67.5%
08059,"Jefferson County, CO",4.5,3.4,2.8,2.4,2.8,2.5,6.6,5.1,2.8,"$94,401",114.8%
08061,"Kiowa County, CO",3.3,2.5,1.9,1.6,1.7,1.5,2.2,3.5,1.9,"$61,430",74.7%
08063,"Kit Carson County, CO",3.0,2.3,2.0,1.6,1.9,1.6,2.6,3.2,2.0,"$56,272",68.4%
08065,"Lake County, CO",4.6,3.7,2.7,2.0,2.5,2.3,7.6,4.8,2.6,"$64,416",78.3%
08067,"La Plata County, CO",4.2,3.3,2.7,2.3,2.8,2.4,6.4,5.6,3.1,"$74,774",90.9%
08069,"Larimer County, CO",4.2,3.2,2.7,2.3,2.6,2.3,5.9,4.8,2.7,"$78,681",95.7%
08071,"Las Animas County, CO",7.5,5.4,4.8,3.7,4.4,3.8,6.9,7.0,4.7,"$42,708",51.9%
08073,"Lincoln County, CO",4.0,3.3,2.5,1.9,2.3,2.2,4.2,4.6,2.9,"$51,975",63.2%
08075,"Logan County, CO",3.8,2.9,2.8,2.2,2.6,2.3,4.3,4.8,2.8,"$53,234",64.7%
08077,"Mesa County, CO",6.2,5.3,5.1,3.7,3.8,3.3,7.0,5.9,3.5,"$63,531",77.3%
08079,"Mineral County, CO",5.0,3.4,2.2,1.7,2.6,2.3,5.4,5.4,2.9,"$62,213",75.7%
08081,"Moffat County, CO",5.7,4.4,3.8,3.1,3.4,3.3,5.6,5.2,3.2,"$64,133",78.0%
08083,"Montezuma County, CO",6.1,5.5,4.7,3.7,4.5,4.1,6.7,6.0,3.8,"$53,337",64.9%
08085,"Montrose County, CO",6.8,4.9,4.0,3.0,3.4,3.0,6.2,5.5,3.4,"$56,686",68.9%
08087,"Morgan County, CO",4.6,3.7,3.3,2.3,2.7,2.5,5.0,5.3,3.3,"$61,849",75.2%
08089,"Otero County, CO",7.6,5.6,4.5,3.9,4.7,3.9,5.7,6.6,4.2,"$45,658",55.5%
08091,"Ouray County, CO",5.8,4.2,3.6,2.7,3.2,2.9,7.5,4.9,3.2,"$80,686",98.1%
08093,"Park County, CO",4.6,3.3,2.7,2.2,2.6,2.4,5.4,4.2,2.6,"$84,361",102.6%
08095,"Phillips County, CO",3.3,2.3,1.9,1.5,1.8,1.5,2.5,3.1,2.1,"$56,577",68.8%
08097,"Pitkin County, CO",4.8,3.7,3.2,2.9,3.5,3.1,9.8,6.0,3.3,"$96,316",117.1%
08099,"Prowers County, CO",4.7,3.9,3.1,2.4,3.1,2.5,4.1,4.9,2.9,"$48,337",58.8%
08101,"Pueblo County, CO",7.3,5.4,4.6,4.0,4.5,3.9,7.6,8.0,4.5,"$56,311",68.5%
08103,"Rio Blanco County, CO",5.9,5.1,4.8,3.6,3.9,3.5,5.1,6.0,3.8,"$65,334",79.5%
08105,"Rio Grande County, CO",9.2,6.1,4.7,4.0,4.6,4.0,6.7,6.9,4.3,"$52,353",63.7%
08107,"Routt County, CO",4.1,3.1,2.5,2.2,2.5,2.1,7.4,4.6,2.6,"$93,776",114.0%
08109,"Saguache County, CO",8.7,5.9,4.7,4.1,4.4,3.9,6.6,6.3,3.5,"$43,366",52.7%
08111,"San Juan County, CO",5.3,4.0,3.5,2.1,2.9,2.9,6.2,3.9,2.7,"$54,146",65.8%
08113,"San Miguel County, CO",4.7,3.6,3.1,2.6,3.2,2.7,10.2,5.5,3.2,"$79,742",97.0%
08115,"Sedgwick County, CO",4.6,3.2,2.2,2.0,2.5,1.9,3.3,4.0,2.7,"$45,645",55.5%
08117,"Summit County, CO",3.4,2.4,2.0,1.7,2.0,1.7,9.2,4.4,2.3,"$90,297",109.8%
08119,"Teller County, CO",5.8,4.3,3.5,3.0,3.4,3.0,7.0,5.0,3.0,"$76,715",93.3%
08121,"Washington County, CO",3.1,2.5,2.1,1.8,2.3,1.9,2.9,3.5,2.4,"$57,522",70.0%
08123,"Weld County, CO",4.4,3.7,3.3,2.5,2.8,2.5,6.5,5.8,3.3,"$84,826",103.2%
08125,"Yuma County, CO",3.3,2.5,2.0,1.5,1.9,1.5,2.6,3.0,2.1,"$56,161",68.3%
23000,Maine,5.6,4.4,3.8,3.4,3.2,2.9,5.1,4.7,2.8,"$64,823",100.0%
23001,"Androscoggin County, ME",5.4,4.2,3.6,3.2,3.1,2.8,5.1,5.0,2.9,"$61,411",94.7%
23003,"Aroostook County, ME",7.5,5.9,5.4,4.9,4.5,4.4,5.1,5.8,4.0,"$51,770",79.9%
23005,"Cumberland County, ME",4.4,3.4,2.9,2.6,2.5,2.3,4.9,4.1,2.3,"$80,484",124.2%
23007,"Franklin County, ME",6.5,4.8,4.5,4.1,3.8,3.7,5.7,5.4,3.4,"$52,295",80.7%
23009,"Hancock County, ME",6.7,5.6,4.5,3.9,3.6,3.3,5.4,5.0,3.4,"$57,001",87.9%
23011,"Kennebec County, ME",5.3,4.3,3.6,3.3,3.1,2.8,4.6,4.4,2.7,"$60,449",93.3%
23013,"Knox County, ME",5.1,4.1,3.5,3.2,3.0,2.8,5.0,4.5,2.9,"$68,786",106.1%
23015,"Lincoln County, ME",5.9,4.4,3.7,3.3,3.1,2.8,4.9,4.5,2.8,"$65,638",101.3%
23017,"Oxford County, ME",7.0,5.5,4.6,3.9,3.7,3.4,6.1,5.7,3.2,"$51,872",80.0%
23019,"Penobscot County, ME",6.1,4.7,4.3,3.8,3.6,3.2,5.0,4.8,3.0,"$56,261",86.8%
23021,"Piscataquis County, ME",7.2,5.5,5.0,4.1,3.9,3.6,5.1,5.1,3.7,"$49,999",77.1%
23023,"Sagadahoc County, ME",4.5,3.5,3.0,2.8,2.6,2.2,4.4,3.8,2.3,"$75,624",116.7%
23025,"Somerset County, ME",7.8,6.6,5.6,5.0,4.6,4.3,6.2,6.3,4.0,"$51,040",78.7%
23027,"Waldo County, ME",6.0,5.2,4.2,3.7,3.3,3.0,4.8,4.8,3.0,"$58,262",89.9%
23029,"Washington County, ME",8.1,6.4,5.5,5.0,4.7,4.4,5.8,6.5,4.1,"$42,755",66.0%
23031,"York County, ME",5.1,3.9,3.4,3.0,2.9,2.6,5.0,4.6,2.6,"$73,794",113.8%